{"cameraMode":{"drawMode":0,"name":"Shaded","section":"Shading Mode"},"sceneLighting":true,"audioPlay":false,"sceneViewState":{"showFog":true,"showMaterialUpdate":true,"showSkybox":true,"showFlares":true,"showImageEffects":true,"showParticleSystems":true},"in2DMode":false,"pivot":{"x":-0.5686010122299194,"y":0.461019366979599,"z":3.2675442695617677},"rotation":{"x":0.08083216100931168,"y":0.6330317854881287,"z":-0.06671375781297684,"w":0.7669986486434937},"size":4.847078323364258,"orthographic":false}