{"cameraMode":{"drawMode":0,"name":"Shaded","section":"Shading Mode"},"sceneLighting":true,"audioPlay":false,"sceneViewState":{"showFog":true,"showMaterialUpdate":true,"showSkybox":true,"showFlares":true,"showImageEffects":true,"showParticleSystems":true},"in2DMode":false,"pivot":{"x":-1.8305468559265137,"y":1.7037086486816407,"z":3.909824848175049},"rotation":{"x":-0.06451623886823654,"y":0.08730151504278183,"z":-0.005665954202413559,"w":-0.9940745830535889},"size":5.445659637451172,"orthographic":false}