{"cameraMode":{"drawMode":0,"name":"Shaded","section":"Shading Mode"},"sceneLighting":true,"audioPlay":false,"sceneViewState":{"showFog":true,"showMaterialUpdate":true,"showSkybox":true,"showFlares":true,"showImageEffects":true,"showParticleSystems":true},"in2DMode":false,"pivot":{"x":-2.1560587882995607,"y":2.038212537765503,"z":-0.9084608554840088},"rotation":{"x":0.06504517793655396,"y":0.9201151728630066,"z":-0.17343801259994508,"w":0.34507474303245547},"size":9.445698738098145,"orthographic":false}