{"cameraMode":{"drawMode":0,"name":"Shaded","section":"Shading Mode"},"sceneLighting":true,"audioPlay":false,"sceneViewState":{"showFog":true,"showMaterialUpdate":true,"showSkybox":true,"showFlares":true,"showImageEffects":true,"showParticleSystems":true},"in2DMode":false,"pivot":{"x":-1.4980000257492066,"y":-0.2369910478591919,"z":1.3949999809265137},"rotation":{"x":0.08083216100931168,"y":0.6330317854881287,"z":-0.06671375781297684,"w":0.7669986486434937},"size":3.670231819152832,"orthographic":false}